cat,n_e4,per_hour_e4,se_e4,p_e4,n_index_same_e4,per_hour_index_same_e4,se_index_same_e4,p_index_same_e4,lo_e4,hi_e4,lo_index_same_e4,hi_index_same_e4
transport,1874,-3.90313719700384,11.0020761439998,0.722806868234857,1874,187.581355038064,96.1614042759949,0.0512436762256551,-25.4672064392434,17.6609320452357,-0.894997342886427,376.057707419013
ecom,1874,4.73032620150378,2.85316533874688,0.0975018821824331,1874,160.79335619824,25.9519438129763,7.12212203957199e-10,-0.861877862440113,10.3225302654477,109.927546324807,211.659166071674
digital,1874,1.0304123753831,0.318486158629794,0.001236302957627,1874,4.90136214582077,2.36141344009053,0.0380676717571821,0.4061795044687,1.65464524629749,0.272991803243331,9.52973248839821
placebo_insurance,1874,-0.0632551438260746,0.0536237524037208,0.238306080806288,1874,0.308866183372804,0.499721053039957,0.536600170215738,-0.168357698537367,0.0418474108852181,-0.670587080585513,1.28831944733112
vehicles,1874,0.037829739152675,0.396278607840063,0.923957778588058,1874,-0.900061921063138,2.52794958156674,0.721847824307178,-0.738876332213849,0.814535810519199,-5.85484310093395,4.05471925880767
total,1874,29.0461812205887,18.3586745651022,0.113785383262481,1874,823.819222243218,164.987806530254,6.49374300794113e-07,-6.93682092701167,65.0291833681891,500.443121443919,1147.19532304252
top_groceries_co2e,1874,11.0738667159375,5.44311159537831,0.0420455403196088,1874,117.736628956811,39.8841806092023,0.00319716899072211,0.405367988995994,21.742365442879,39.5636349627748,195.909622950848
top_fuel_co2e,1874,1.28813209859376,7.82212213426654,0.8692152701313,1874,11.1377737839702,56.5877902956516,0.843987634023543,-14.0432272845687,16.6194914817562,-99.774295195507,122.049842763447
top_uncategorized_co2e,1874,3.17953465202571,4.55482101744063,0.485227484226524,1874,55.512936792836,31.4840548263619,0.0780296847212719,-5.74791454215792,12.1069838462094,-6.19581066683334,117.221684252505
top_restaurant_co2e,1874,3.22028656371438,2.22195268029578,0.147421160855689,1874,92.9412784432438,18.5199715376048,5.70661715516652e-07,-1.13474068966534,7.57531381709411,56.6421342295384,129.240422656949
top_aviation_co2e,1874,-3.45004775846948,7.78802792586183,0.65782179260601,1874,147.261210383174,73.8229342368417,0.0462116274451472,-18.7145824931587,11.8144869762197,2.56825927896392,291.954161487383
top_travel_co2e,1874,1.38928893650616,3.44437578218768,0.686737157280053,1874,84.0828765814829,29.7536606710401,0.00476419066844732,-5.3616875965817,8.14026546959402,25.7657016662442,142.400051496721
top_clothing_co2e,1874,4.07184026480058,1.71217131144643,0.01749918170317,1874,82.0341539466754,15.6944186289849,1.91700384732869e-07,0.715984494365581,7.42769603523558,51.2730934338649,112.795214459486
top_public_trans_co2e,1874,-0.18517597853027,1.09037816119451,0.865164435279876,1874,-4.07263198645875,8.13875696678569,0.616852858400657,-2.32231717447151,1.95196521741097,-20.0245956413587,11.8793316684412
top_shopping_other_co2e,1874,2.29582677699345,1.33320886832075,0.0852302740362384,1874,45.8642391460624,12.7880318023585,0.000343811127035813,-0.317262604915213,4.90891615890212,20.7996968134397,70.9287814786851
top_alcohol_co2e,1874,-0.152422263086962,1.15941240345403,0.895421621732325,1874,25.2055091659448,9.03314991456985,0.00531911451350204,-2.42487057385686,2.12002604768294,7.50053533338792,42.9104829985017
