income_q,outcome,n,mean,per_hour,se,p,per_sd,lo,hi
Q1,ecom_co2e,872,328.905342344896,38.2610854734455,28.1874103360067,0.175015934725376,12.121139268193,-16.9862387851276,93.5084097320186
Q1,ecom_kr,872,23257.4824484546,2643.19303646636,1926.62146343969,0.170442469973135,837.365446151875,-1132.98503187544,6419.37110480815
Q2,ecom_co2e,824,419.997403735701,107.720319581681,28.4116359506855,0.000160886456088752,34.1258743579037,52.0335131183374,163.407126045025
Q2,ecom_kr,824,29523.9944442863,7329.13974857794,1934.02396493782,0.000162058553162716,2321.87671910716,3538.45277729982,11119.8267198561
Q3,ecom_co2e,830,510.987471221437,140.604895640998,33.4579323067164,2.93125699495352e-05,44.543731594785,75.0273483198342,206.182442962163
Q3,ecom_kr,830,35655.7169708395,9653.76031314377,2276.30582519978,2.47956581168326e-05,3058.31817810246,5192.2008957522,14115.3197305353
Q4,ecom_co2e,838,596.106672961363,142.752642380442,40.0435719859383,0.000384850649749634,45.2241392993619,64.2672412880026,221.238043472881
Q4,ecom_kr,838,41410.4216134887,9600.09721689715,2764.65564620339,0.000542548116379867,3041.31767079539,4181.37215033851,15018.8222834558
Q5,ecom_co2e,832,737.425817375624,190.165644622791,51.7145313538278,0.000251155923200133,60.2446123515841,88.8051631692882,291.526126076293
Q5,ecom_kr,832,51164.8437499881,12737.375869345,3510.79697123891,0.000303231248673847,4035.2097937944,5856.21380571679,19618.5379329733
