item,sd,item_rest_r
q11_1,1.44418088750078,0.238493782811011
q11_2,0.701419100259395,0.35761878249548
q11_3,1.18684405693707,0.112234042125011
q11_4,0.831323505028376,0.303011920683316
q11_5,1.18534337590005,0.102883558885581
q11b_1,0.963487357660266,0.334727816532938
q11b_2,0.935598259134936,0.25191023713186
q11b_3,1.13632774745646,0.247790172567163
q11b_4,0.811573333546993,0.437815040452249
q11b_5,1.18271407103074,0.263383426315946
q11b_6,1.24909188001703,0.189542788124849
q11b_7,0.535167858206915,0.244353486096809
q11b_8,0.586885397914753,0.135249721548887
