item,n,estimate,se,p,label,p_bh,significant_bh,lo,hi
q11_1,4195,78.7966231052181,34.0281394764503,0.0206265791609796,Computer,0.0297939476769705,TRUE,12.1014697313755,145.491776479061
q11_2,4195,158.216761556492,36.3326416802439,1.36457108240208e-05,Smartphone,3.5478848142454e-05,TRUE,87.0047838632145,229.42873924977
q11_3,4195,126.943357769403,29.8401356739543,2.14471404437776e-05,TV,4.64688042948515e-05,TRUE,68.4566918484524,185.430023690353
q11_4,4195,42.2742286473716,30.8242350868137,0.170304983571009,Game console,0.201269526038465,FALSE,-18.1412721227831,102.689729417526
q11_5,4195,29.330622228103,32.7018172727868,0.369818019902848,Tablet,0.369818019902848,FALSE,-34.7649396265592,93.4261840827651
q11b_1,4195,-86.0812837822814,33.6514790442207,0.0105618490995859,Streaming,0.0171630047868271,TRUE,-152.038182708954,-20.1243848556088
q11b_2,4195,358.344152047495,33.1949755200396,8.16776269779994e-27,Calls,1.06180915071399e-25,TRUE,293.282000028217,423.406304066772
q11b_3,4195,205.567416921008,33.6364480879072,1.07741694386225e-09,Social media,4.6688067567364e-09,TRUE,139.63997866871,271.494855173306
q11b_4,4195,145.78489932634,33.2116881810834,1.16381803520458e-05,Information search,3.5478848142454e-05,TRUE,80.689990491416,210.879808161263
q11b_5,4195,-60.0456876611217,31.9735450606437,0.0604534225883731,Gaming,0.0785894493648851,FALSE,-122.713835979983,2.62246065773993
q11b_6,4195,33.0638144092826,31.3769606605898,0.292053303897321,Digital reading,0.316391079222097,FALSE,-28.4350284854734,94.5626573040386
q11b_7,4195,114.771595119509,37.7987293582728,0.00240907696384254,E-commerce,0.00447400007570758,TRUE,40.6860855772941,188.857104661724
q11b_8,4195,202.903553437433,32.3231176397532,3.79443628900816e-10,Online selling,2.46638358785531e-09,TRUE,139.550242863516,266.256864011349
