cat,n,df,mean,per_hour,se,p,per_sd,lo,hi
rent,4195,4180,53062.1266754981,-3809.13400606536,1891.71301983181,0.0441165901894607,-1206.73637999038,-7516.89152493571,-101.376487195016
top_rent_kr,4195,4180,53062.1266754981,-3809.13400606536,1891.71301983181,0.0441165901894607,-1206.73637999038,-7516.89152493571,-101.376487195016
vehicles,4195,4180,432.213617585624,53.5035498577461,98.0116533917948,0.585170905464991,16.9499628968589,-138.599290790172,245.606390505664
placebo_insurance,4195,4180,1655.69044660106,240.073878550292,168.950682261516,0.155400026242935,76.0555765879397,-91.0694586822785,571.217215782863
top_services_kr,4195,4180,6762.09140278692,294.481375944764,336.370135675915,0.381369477780127,93.2919107115481,-364.804089980028,953.766841869557
digital,4195,4180,7193.99309485354,984.430503861942,272.741384366419,0.00031051207325321,311.86828835396,449.857390503761,1519.00361722012
top_internet_tele_kr,4195,4180,7193.99309485354,984.430503861942,272.741384366419,0.00031051207325321,311.86828835396,449.857390503761,1519.00361722012
top_groceries_kr,4195,4180,29943.048882932,2280.70988958224,783.454505203149,0.00362069483312679,722.530525725878,745.139059384064,3816.28071978041
transport,4195,4180,20158.1291486794,2532.05641104516,764.77118107476,0.000937963256386144,802.157283658359,1033.10489613863,4031.00792595169
top_uncategorized_kr,4195,4180,22975.3134649874,2743.75488349353,1101.22902144573,0.0127575846069352,869.223511279929,585.346001459901,4902.16376552717
top_shopping_other_kr,4195,4180,8283.56041162948,2762.31389115404,551.77295531365,5.77863124679105e-07,875.10301819273,1680.83889873928,3843.78888356879
top_clothing_kr,4195,4180,13794.6031132417,3542.72421269431,586.546221399231,1.67550751985324e-09,1122.33756673397,2393.09361875182,4692.3548066368
top_financial_service_kr,4195,4180,23462.1971637152,4841.14227727573,1836.5569625959,0.00842027315143355,1533.67733910012,1241.49063058777,8440.79392396369
top_restaurant_kr,4195,4180,22704.5722206813,5054.99875871367,852.870836058405,3.33312505634147e-09,1601.42722551445,3383.3719200392,6726.62559738815
top_travel_kr,4195,4180,16850.1469530335,5700.87327485642,1426.0707866199,6.50893878372595e-05,1806.04073459475,2905.77453308141,8495.97201663143
ecom,4195,4180,36099.529198054,9014.27648261394,1166.71332583856,1.37801270346603e-14,2855.72924279926,6727.51836397036,11301.0346012575
total,4195,4180,309330.394512822,39214.0141489812,5293.7266090854,1.54694656365337e-13,12423.0277547818,28838.3099951738,49589.7183027886
